lamp_type,model,brand,shape_size_base,dimensions,wattage_w,lumens_lm,cct_k,life_hours,operating_v,mandatory,local
LED Batten Light ,BN398C LED20/NW L1200 PSU OP HE,Philips,Fixtures,1200mm,12.6,2000,4000,50000,220-240,No,No
LED Batten Light ,BN398C LED40/NW L1200 PSU OP HE,Philips,Fixtures,1200mm,25,4000,4000,50000,220-240,No,No
LED Batten Light ,BN398C LED69/NW L1200 PSU OP HE,Philips,Fixtures,1200mm,43,6900,4000/6500,50000,220-240,No,No
LED Batten Light ,BN398C LED20/NW L600 PSU OP,Philips,Fixtures,600mm,14.5,2000,4000/6500,50000,220-240,No,No
LED Batten Light ,WT198C LED19S/840 PSU L600,Philips,Fixtures,600mm,15,1900,4000/6500,75000,220-240,No,No
LED Batten Light ,WT198C LED40S/840 PSU L1200,Philips,Fixtures,1200mm,28.6,4000,4000/6500,75000,220-240,No,No
LED Batten Light ,WT198C LED80S/840 PSU L1500,Philips,Fixtures,1500mm,57,8000,4000/6500,75000,220-240,No,No
LED Batten Light ,Adv WP 16W 4000K IP65 ND,Honeywell,Rectangle line,600 mm,16,2560,4000,50000,100-240,No,No
LED Batten Light ,Adv WP 16W 6500K IP65 ND,Honeywell,Rectangle line,600 mm,16,2560,6500,50000,100-240,No,No
LED Batten Light ,Adv WP 30W 4000K IP65 ND,Honeywell,Rectangle line,1200 mm,30,4800,4000,50000,100-240,No,No
LED Batten Light ,Adv WP 30W 6500K IP65 ND,Honeywell,Rectangle line,1200 mm,30,4800,6500,50000,100-240,No,No
LED Batten Light ,Adv WP 45W 4000K IP65 ND,Honeywell,Rectangle line,1500 mm,45,7200,4000,50000,100-240,No,No
LED Batten Light ,Adv WP 45W 6500K IP65 ND,Honeywell,Rectangle line,1500 mm,45,7200,6500,50000,100-240,No,No
LED Batten Light ,LDPFM DP 600 8W 840 WV G4 (P-DP06-8W-WV-G4-840),LEDVANCE,Rectangle line,599X77X68mm,8,1200,4000,50000,100-277V,No,No
LED Batten Light ,LDPFM DP 600 8W 865 WV G4 (P-DP06-8W -WV-G4-865),LEDVANCE,Rectangle line,599X77X68mm,8,1200,6500,50000,100-277V,No,No
LED Batten Light ,LDPFM DP 600 16W 840 WV G4 (P-DP06-16W-WV-G4-840),LEDVANCE,Rectangle line,599X77X68mm,16,2400,4000,50000,100-277V,No,No
LED Batten Light ,LDPFM DP 600 16W 865 WV G4 (P-DP06-16W-WV-G4-865),LEDVANCE,Rectangle line,599X77X68mm,16,2400,6500,50000,100-277V,No,No
LED Batten Light ,LDPFM DP 1200 14W 840 WV G4 (P-DP12-14W-WV-G4-840),LEDVANCE,Rectangle line,1199X77X68mm,14,2100,4000,50000,100-277V,No,No
LED Batten Light ,LDPFM DP 1200 14W 865 WV G4 (P-DP12-14W-WV-G4-865),LEDVANCE,Rectangle line,1199X77X68mm,14,2100,6500,50000,100-277V,No,No
LED Batten Light ,LDPFM DP 1200 30W 840 WV G4 (P-DP12-30W-WV-G4-840),LEDVANCE,Rectangle line,1199X77X68mm,30,4500,4000,50000,100-277V,No,No
LED Batten Light ,LDPFM DP 1200 30W 865 WV G4 (P-DP12-30W-WV-G4-865),LEDVANCE,Rectangle line,1199X77X68mm,30,4500,6500,50000,100-277V,No,No
LED Batten Light ,LDPFM DP 1500 21W 840 WV G4 (P-DP15-21W-WV-G4-840),LEDVANCE,Rectangle line,1499X77X68mm,21,3150,4000,50000,100-277V,No,No
LED Batten Light ,LDPFM DP 1500 21W 865 WV G4 (P-DP15-21W-WV-G4-865),LEDVANCE,Rectangle line,1499X77X68mm,21,3150,6500,50000,100-277V,No,No
LED Batten Light ,LDPFM DP 1500 43W 840 WV G4 (P-DP15-43W-WV-G4-840),LEDVANCE,Rectangle line,1499X77X68mm,43,6450,4000,50000,100-277V,No,No
LED Batten Light ,LDPFM DP 1500 43W 865 WV G4 (P-DP15-43W-WV-G4-865),LEDVANCE,Rectangle line,1499X77X68mm,43,6450,6500,50000,100-277V,No,No
LED Batten Light ,LDPFM DP 1500 57W 840 WV G4 (P-DP15-57W-WV-G4-840),LEDVANCE,Rectangle line,1499X77X68mm,57,8550,4000,50000,100-277V,No,No
LED Batten Light ,LDPFM DP 1500 57W 865 WV G4 (P-DP15-57W-WV-G4-865),LEDVANCE,Rectangle line,1499X77X68mm,57,8550,6500,50000,100-277V,No,No
LED Tube,MAS LEDtube 1200mm HO 13.5W840 T8,Philips,T8,1200mm,13.5,2100,4000,50000,220-240,No,No
LED Tube,MAS LEDtube 1200mm HO 13.5W865 T8,Philips,T8,1200mm,13.5,2100,6500,50000,220-240,No,No
LED Tube,MAS LEDtube VLE 600mm HO 5.3W 840 T8,Philips,T8,600mm,5.3,1000,4000,50000,100-240,No,No
LED Tube,MAS LEDtube VLE 600mm HO 5.3W 865 T8,Philips,T8,600mm,5.3,1000,6500,50000,100-240,No,No
LED Tube,MAS LEDtube VLE 1200mm HO 8.7W 840 T8,Philips,T8,1200mm,8.7,1800,4000,50000,100-240,No,No
LED Tube,MAS LEDtube VLE 1200mm HO 8.7W 865 T8,Philips,T8,1200mm,8.7,1800,6500,50000,100-240,No,No
LED Tube,MAS LEDtube VLE 1500mm HO 18.2W 840 T8,Philips,T8,1500mm,18.2,3100,4000,50000,220-240,No,No
LED Tube,MAS LEDtube VLE 1500mm HO 18.2W 865 T8,Philips,T8,1500mm,18.2,3100,6500,50000,220-240,No,No
LED Tube,CorePro LEDtube 1200mm 16W840 G5 I APR,Philips,T5,1200mm,16,21,4000,50000,220-240,No,No
LED Tube,CorePro LEDtube 1200mm 16W865 G5 I APR,Philips,T5,1200mm,16,21,6500,50000,220-240,No,No
LED Tube,CorePro LEDtube 600mm 8W840 G5 I APR,Philips,T5,600mm,8,1050,4000,50000,220-240,No,No
LED Tube,CorePro LEDtube 600mm 8W865 G5 I APR,Philips,T5,600mm,8,1050,6500,50000,220-240,No,No
LED Tube,MAS LEDtube 1500mm HE 20W 865 T5 KSA,Philips,T5,1500mm,20,3000,4000,50000,220-240,No,No
LED Tube,MAS LEDtube 1500mm HE 20W 865 T5 KSA,Philips,T5,1500mm,20,3000,6500,50000,220-240,No,No
LED Tube,MAS LEDtube 1500mm HO 26W 840 T5,Philips,T5,1500mm,26,3900,4000,50000,220-240,No,No
LED Tube,MAS LEDtube 1500mm HO 26W 840 T5,Philips,T5,1500mm,26,3900,6500,50000,220-240,No,No
LED Tube,Ult TLED T5 7W 4000K 600mm IP20 ND,Honeywell,T5,600 mm,7,1155,4000,50000,100-240,No,No
LED Tube,Ult TLED T5 7W 6500K 600mmIP20 ND,Honeywell,T5,600 mm,7,1155,6500,50000,100-240,No,No
LED Tube,Ult TLED T5 10.5W 4000K 900mm IP20 ND,Honeywell,T5,900 mm,10.5,1735,4000,50000,100-240,No,No
LED Tube,Ult TLED T5 10.5W 6500K 900mm IP20 ND,Honeywell,T5,900 mm,10.5,1735,6500,50000,100-240,No,No
LED Tube,Ult TLED T5 14.5W 4000K 1200mmIP20 ND,Honeywell,T5,1200 mm,14.5,2395,4000,50000,100-240,No,No
LED Tube,Ult TLED T5 14.5W 6500K 1200mmIP20 ND,Honeywell,T5,1200 mm,14.5,2395,6500,50000,100-240,No,No
LED Tube,Ult TLED T5 17W 4000K 1500mmIP20 ND,Honeywell,T5,1500 mm,17,2805,4000,50000,100-240,No,No
LED Tube,Ult TLED T5 17W 6500K 1500mm IP20 ND,Honeywell,T5,1500 mm,17,2805,6500,50000,100-240,No,No
LED Tube,Ult TLED T5 24W 4000K 1500mm IP20 ND,Honeywell,T5,1500 mm,24,3960,4000,50000,100-240,No,No
LED Tube,Ult TLED T5 24W 6500K 1500mm IP20 ND,Honeywell,T5,1500 mm,24,3960,6500,50000,100-240,No,No
LED Tube,Ult TLED T8 5.5W 3000K 60cm G13 IP20 ND,Honeywell,T8,600 mm,5.5,900,3000,50000,100-240,No,No
LED Tube,Ult TLED T8 5.5W 4000K 60cm G13 IP20 ND,Honeywell,T8,600 mm,5.5,1000,4000,50000,100-240,No,No
LED Tube,Ult TLED T8 5.5W 6500K 60cm G13 IP20 ND,Honeywell,T8,600 mm,5.5,1000,6500,50000,100-240,No,No
LED Tube,Ult TLED T8 9.7W 3000K 120cm G13 IP20 ND,Honeywell,T8,1200 mm,9.7,1620,3000,50000,100-240,No,No
LED Tube,Ult TLED T8 9.7W 4000K 120cm G13 IP20 ND,Honeywell,T8,1200 mm,9.7,1800,4000,50000,100-240,No,No
LED Tube,Ult TLED T8 9.7W 6500K 120cm G13 IP20 ND,Honeywell,T8,1200 mm,9.7,1800,6500,50000,100-240,No,No
LED Tube,Ult TLED T8 5.2W 4000K 60cm G13 IP20 ND,Honeywell,T8,600 mm,5.2,1000,4000,50000,100-240,No,No
LED Tube,Ult TLED T8 5.2W 6500K 60cm G13 IP20 ND,Honeywell,T8,600 mm,5.2,1000,6500,75000,100-240,No,No
LED Tube,Ult TLED T8 8.7W 4000K 120cm G13 IP20 ND,Honeywell,T8,1200 mm,8.7,1800,4000,50000,100-240,No,No
LED Tube,Ult TLED T8 8.7W 6500K 120cm G13 IP20 ND,Honeywell,T8,1200 mm,8.7,1800,6500,50000,100-240,No,No
LED Tube,Adv TLED T8 13W 3000K 120cm G13 IP20 ND,Honeywell,T8,1200 mm,13,2080,3000,50000,100-240,No,No
LED Tube,Adv TLED T8 13W 4000K 120cm G13 IP20 ND,Honeywell,T8,1200 mm,13,2080,4000,50000,100-240,No,No
LED Tube,Adv TLED T8 13W 6500K 120cm G13 IP20 ND,Honeywell,T8,1200 mm,13,2080,6500,50000,100-240,No,No
LED Tube,Adv TLED T8 20W 3000K 150cm G13 IP20 ND,Honeywell,T8,1500 mm,20,3200,3000,50000,100-240,No,No
LED Tube,Adv TLED T8 20W 4000K 150cm G13 IP20 ND,Honeywell,T8,1500 mm,20,3200,4000,50000,100-240,No,No
LED Tube,Adv TLED T8 20W 6500K 150cm G13 IP20 ND,Honeywell,T8,1500 mm,20,3200,6500,50000,100-240,No,No
LED Tube,"ST8A-0.6M 5,3W/830100-240VEM25X1KSAOSRAM",Osram,T8,600 mm,5.3,900,3000,50000,100-240,No,No
LED Tube,"ST8A-0.6M 5,3W/840100-240VEM25X1KSAOSRAM",Osram,T8,600 mm,5.3,1000,4000,50000,100-240,No,No
LED Tube,"ST8A-0.6M 5,3W/865100-240VEM25X1KSAOSRAM",Osram,T8,600 mm,5.3,1000,6500,50000,100-240,No,No
LED Tube,ST8A-0.9M 9W/830 100-240V EM25X1KSAOSRAM,Osram,T8,900 mm,9,1458,3000,50000,100-240,No,No
LED Tube,ST8A-0.9M 9W/840 100-240V EM25X1KSAOSRAM,Osram,T8,900 mm,9,1620,4000,50000,100-240,No,No
LED Tube,ST8A-0.9M 9W/865 100-240V EM25X1KSAOSRAM,Osram,T8,900 mm,9,1620,6500,50000,100-240,No,No
LED Tube,"ST8A-1.2M 8,9W/830100-240VEM25X1KSAOSRAM",Osram,T8,1200 mm,8.9,1620,3000,50000,100-240,No,No
LED Tube,"ST8A-1.2M 8,9W/840100-240VEM25X1KSAOSRAM",Osram,T8,1200 mm,8.9,1800,4000,50000,100-240,No,No
LED Tube,"ST8A-1.2M 8,9W/865100-240VEM25X1KSAOSRAM",Osram,T8,1200 mm,8.9,1800,6500,50000,100-240,No,No
LED Tube,ST8A-1.5M 20W/830 EMWV 25X1 KSA    OSRAM,Osram,T8,1500 mm,20,2160,3000,50000,100-240,No,No
LED Tube,ST8A-1.5M 20W/840 EMWV 25X1 KSA    OSRAM,Osram,T8,1500 mm,20,2400,4000,50000,100-240,No,No
LED Tube,ST8A-1.5M 20W/865 EMWV 25X1 KSA    OSRAM,Osram,T8,1500 mm,20,2400,6500,50000,100-240,No,No
LED Tube,ST8A-1.2M 13W/840 EMWV 25X1 KSA    OSRAM,Osram,T8,1200 mm,13,2100,4000,50000,100-240,No,No
LED Tube,ST8A-1.2M 13W/865 EMWV 25X1 KSA    OSRAM,Osram,T8,1200 mm,13,2100,6500,50000,100-240,No,No
LED Tube,"ST5HE14-0.6M7,9W/830100-240ACG5KSA OSRAM",Osram,T5,600 mm,7.9,1080,3000,50000,100-240,No,No
LED Tube,"ST5HE14-0.6M7,9W/840100-240ACG5KSA OSRAM",Osram,T5,600 mm,7.9,1200,4000,50000,100-240,No,No
LED Tube,"ST5HE14-0.6M7,9W/865100-240ACG5KSA OSRAM",Osram,T5,600 mm,7.9,1200,6500,50000,100-240,No,No
LED Tube,"ST5HE28-1.2M15,5W/830100-240ACG5KSAOSRAM",Osram,T5,1200 mm,15.5,2160,3000,50000,100-240,No,No
LED Tube,"ST5HE28-1.2M15,5W/840100-240ACG5KSAOSRAM",Osram,T5,1200 mm,15.5,2400,4000,50000,100-240,No,No
LED Tube,"ST5HE28-1.2M15,5W/865100-240ACG5KSAOSRAM",Osram,T5,1200 mm,15.5,2400,6500,50000,100-240,No,No
LED Tube,"ST5HE35-1.5M17,5W/830100-240ACG5KSAOSRAM",Osram,T5,1500 mm,17.5,2550,3000,50000,100-240,No,No
LED Tube,"ST5HE35-1.5M17,5W/840100-240ACG5KSAOSRAM",Osram,T5,1500 mm,17.5,2800,4000,50000,100-240,No,No
LED Tube,"ST5HE35-1.5M17,5W/865100-240ACG5KSAOSRAM",Osram,T5,1500 mm,17.5,2800,6500,50000,100-240,No,No
LED Tube,ST5HO49-1.5M25W/840100-240ACG5 KSA OSRAM,Osram,T5,1500 mm,25,4000,4000,50000,100-240,No,No
LED Tube,ST5HO49-1.5M25W/865100-240ACG5KSA  OSRAM,Osram,T5,1500 mm,25,4000,6500,50000,100-240,No,No
LED Tube,ST5HO54-1.2M25W/840100-240ACG5KSA  OSRAM,Osram,T5,1200 mm,25,4000,4000,50000,100-240,No,No
LED Tube,ST5HO54-1.2M25W/865100-240ACG5KSA  OSRAM,Osram,T5,1200 mm,25,4000,6500,50000,100-240,No,No
LED Tube,ST5HO80-1.5M35W/840100-240ACG5KSA  OSRAM,Osram,T5,1500 mm,35,5600,4000,50000,100-240,No,No
LED Tube,ST5HO80-1.5M35W/865100-240ACG5KSA  OSRAM,Osram,T5,1500 mm,35,5600,6500,50000,100-240,No,No
LED Tube,"ST5HE14-0.6M 6,7W/840100-240ACG6KSAOSRAM",Osram,T5,600mm,6.7,1200,4000,50000,100-240V,No,No
LED Tube,"ST5HE28-1.2M13,3W/840100-240ACG6KSAOSRAM",Osram,T5,1200 mm,13.3,2400,4000,50000,100-240,No,No
LED Tube,"ST5HE35-1.5M15,5W/840100-240ACG6KSAOSRAM",Osram,T5,1500 mm,15.5,2800,4000,50000,100-240,No,No
LED Spot Light,Ult Spot GU10 2.85W 2700K 38D 220-240V GU10 IP20,Honeywell,GU10,-,2.85,450,2700,25000,220-240,No,No
LED Spot Light,Ult Spot GU10 2.85W 4000K 38D 220-240V GU10 IP20,Honeywell,GU10,-,2.85,500,4000,25000,220-240,No,No
LED Spot Light,Ult Spot GU10 2.85W 6500K 38D 220-240V GU10 IP20,Honeywell,GU10,-,2.85,500,6500,25000,220-240,No,No
LED Spot Light,Adv Spot GU10 5.5W 2700K 36D 220-240V GU10 IP20 DIM,Honeywell,GU10,-,5.5,495,2700,15000,220-240,No,No
LED Spot Light,Adv Spot GU10 5.5W 3000K 36D 220-240V GU10 IP20 DIM,Honeywell,GU10,-,5.5,495,3000,15000,220-240,No,No
LED Spot Light,Adv Spot GU10 5.5W 4000K 36D 220-240V GU10 IP20 DIM,Honeywell,GU10,-,5.5,495,4000,15000,220-240,No,No
LED Spot Light,Adv Spot GU10 5.5W 6500K 36D 220-240V GU10 IP20 DIM,Honeywell,GU10,-,5.5,495,6500,15000,220-240,No,No
LED Spot Light,Ess Spot MR16 5W 2700K 36D 220-240V GU5.3 IP20 ND,Honeywell,MR16,-,5,400,2700,30000,220-240,No,No
LED Spot Light,Ess Spot MR16 5W 3000K 36D 220-240V GU5.3 IP20 ND,Honeywell,MR16,-,5,400,3000,30000,220-240,No,No
LED Spot Light,Ess Spot MR16 5W 4000K 36D 220-240V GU5.3 IP20 ND,Honeywell,MR16,-,5,400,4000,30000,220-240,No,No
LED Spot Light,Ess Spot MR16 5W 6500K 36D 220-240V GU5.3 IP20 ND,Honeywell,MR16,-,5,400,6500,30000,220-240,No,No
LED Spot Light,Adv Spot G9 3W 3000K  220-240V G9 IP20 ND,Honeywell,G9,-,3,300,3000,30000,220-240,No,No
LED Spot Light,Adv Spot G9 3W 6500K  220-240V G9 IP20 ND,Honeywell,G9,-,3,300,6500,30000,220-240,No,No
LED Spot Light,LPAR1650 5W/830 230V GU10 10X1G5KSAOSRAM,Osram,GU10,54/50,5,400,3000,15000,220-240,No,No
LED Spot Light,LPAR1650 5W/840 230V GU10 10X1G5KSAOSRAM,Osram,GU10,54/50,5,400,4000,15000,220-240,No,No
LED Spot Light,LPAR1650 5W/865 230V GU10 10X1G5KSAOSRAM,Osram,GU10,54/50,5,400,6500,15000,220-240,No,No
LED Spot Light,LPMR16D5036 8W/927 12V GU5.310X1KSAOSRAM,Osram,GU5.3,46/51,8,605,2700,25000,220-240,No,No
LED Spot Light,LPPAR165036 5.5W/927230VGU1010X1AR7KSAOSRAM,Osram,GU10,52/51,5.5,380,2700,25000,220-240,No,No
LED Spot Light,LVPAR168036 7W/827230VGU1010X1AR7KSAOSRAM,Osram,GU10,52/50,7,630,2700,15000,220-240,No,No
LED Spot Light,LVPAR165036 4.5W/827230VGU1010X1AR7KSAOSRAM,Osram,GU10,54/50,4.5,380,2700,15000,220-240,No,No
LED Spot Light,LVPAR165036 4.5W/840230VGU1010X1AR7KSAOSRAM,Osram,GU10,54/50,4.5,400,4000,15000,220-240,No,No
LED Spot Light,LVPAR165036 4.5W/865230VGU1010X1AR7KSAOSRAM,Osram,GU10,54/50,4.5,420,6500,15000,220-240,No,No
LED Spot Light,LVMR165036 5.5W/82712VGU5.310X1AR7KSAOSRAM ,Osram,GU5.3,44/50,5.5,500,2700,15000,220-240,No,No
LED Spot Light,LEDClassic 4.6-50W GU10 830 36D,Philips,GU10,-,4.6,410,3000,15000,220-240,No,No
LED Candle Light,Ess Candle 5W 3000K B35 220-240V E14 IP20 ND,Honeywell,E14,-,5,500,3000,15000,220-240,No,No
LED Candle Light,Ess Candle 5W 4000K B35 220-240V E14 IP20 ND,Honeywell,E14,-,5,500,4000,15000,220-240,No,No
LED Candle Light,Ess Candle 5W 6500K B35 220-240V E14 IP20 ND,Honeywell,E14,-,5,500,6500,15000,220-240,No,No
LED Candle Light,ESSLEDCandle 6.5W E14 827 B35NDFR KSA,Philips,E14,-,6.5,470,2700,15000,220-240,No,No
LED Bulb,Adv Bulb 6W 3000K A60 220-240V E27 IP20 DIM,Honeywell,E27,-,6,600,3000,15000,100-240,No,No
LED Bulb,Adv Bulb 6W 6500K A60 220-240V E27 IP20 DIM,Honeywell,E27,-,6,600,6500,15000,100-240,No,No
LED Bulb,Ess Bulb 5W 3000K A60 220-240V E27 IP20 ND,Honeywell,E27,-,5,500,3000,15000,100-240,No,No
LED Bulb,Ess Bulb 5W 4000K A60 220-240V E27 IP20 ND,Honeywell,E27,-,5,500,4000,15000,220-240,No,No
LED Bulb,Ess Bulb 5W 6500K A60 220-240V E27 IP20 ND,Honeywell,E27,-,5,500,6500,15000,220-240,No,No
LED Bulb,Ess Bulb 7W 3000K A60 220-240V E27 IP20 ND,Honeywell,E27,-,7,700,3000,15000,220-240,No,No
LED Bulb,Ess Bulb 7W 4000K A60 220-240V E27 IP20 ND,Honeywell,E27,-,7,700,4000,15000,220-240,No,No
LED Bulb,Ess Bulb 7W 6500K A60 220-240V E27 IP20 ND,Honeywell,E27,-,7,700,6500,15000,220-240,No,No
LED Bulb,Ess Bulb 9W 3000K A60 220-240V E27 IP20 ND,Honeywell,E27,-,9,900,3000,15000,220-240,No,No
LED Bulb,Ess Bulb 9W 4000K A60 220-240V E27 IP20 ND,Honeywell,E27,-,9,900,4000,15000,220-240,No,No
LED Bulb,Ess Bulb 9W 6500K A60 220-240V E27 IP20 ND,Honeywell,E27,-,9,900,6500,15000,220-240,No,No
LED Bulb,Ess Bulb 12W 3000K A60 220-240V E27 IP20 ND,Honeywell,E27,-,12,1200,3000,15000,220-240,No,No
LED Bulb,Ess Bulb 12W 4000K A60 220-240V E27 IP20 ND,Honeywell,E27,-,12,1200,4000,15000,220-240,No,No
LED Bulb,Ess Bulb 12W 6500K A60 220-240V E27 IP20 ND,Honeywell,E27,-,12,1200,6500,15000,220-240,No,No
LED Bulb,Ess Bulb 17.7W 3000K A65 220-240V E27 IP20 ND,Honeywell,E27,-,17.7,1770,3000,15000,220-240,No,No
LED Bulb,Ess Bulb 17.7W 4000K A65 220-240V E27 IP20 ND,Honeywell,E27,-,17.7,1770,4000,15000,220-240,No,No
LED Bulb,Ess Bulb 17.7W 6500K A65 220-240V E27 IP20 ND,Honeywell,E27,-,17.7,1770,6500,15000,220-240,No,No
LED Bulb,LECO CLA 5W/830 230VE2710X10X1G9KSAOSRAM,Osram,E27,95/55,5,360,3000,12000,220-240,No,No
LED Bulb,LECO CLA 5W/865 230VE2710X10X1G9KSAOSRAM,Osram,E27,95/55,5,400,6500,12000,220-240,No,No
LED Bulb,LECO CLA 7W/830 230VE2710X10X1G9KSAOSRAM,Osram,E27,95/55,7,500,3000,12000,220-240,No,No
LED Bulb,LECO CLA 7W/865 230VE2710X10X1G9KSAOSRAM,Osram,E27,95/55,7,560,6500,12000,220-240,No,No
LED Bulb,LECO CLA 9W/830 230VE2710X10X1G9KSAOSRAM,Osram,E27,106/60,9,650,3000,12000,220-240,No,No
LED Bulb,LECO CLA 9W/865 230VE2710X10X1G9KSAOSRAM,Osram,E27,106/60,9,720,6500,12000,220-240,No,No
LED Bulb,LECO CLA 12W/830230VE2710X10X1G9KSAOSRAM,Osram,E27,118/60,12,860,3000,12000,220-240,No,No
LED Bulb,LECO CLA 12W/865230VE2710X10X1G9KSAOSRAM,Osram,E27,118/60,12,960,6500,12000,220-240,No,No
LED Bulb,LECO CLA 14W/830230VE2710X10X1G9KSAOSRAM,Osram,E27,123/60,14,1080,3000,12000,220-240,No,No
LED Bulb,LECO CLA 14W/865230VE2710X10X1G9KSAOSRAM,Osram,E27,123/60,14,1200,6500,12000,220-240,No,No
LED Bulb,LV CLA 7W/830100-240VFRE2710X1G2KSAOSRAM,Osram,E27,100/55,7,600,3000,15000,100-240,No,No
LED Bulb,LV CLA 7W/840100-240VFRE2710X1G2KSAOSRAM,Osram,E27,100/55,7,600,4000,15000,100-240,No,No
LED Bulb,LV CLA 7W/865100-240VFRE2710X1G2KSAOSRAM,Osram,E27,100/55,7,600,6500,15000,100-240,No,No
LED Bulb,LV CLA 9W/830100-240VFRE2710X1G2KSAOSRAM,Osram,E27,108/60,9,806,3000,15000,100-240,No,No
LED Bulb,LV CLA 9W/840100-240VFRE2710X1G2KSAOSRAM,Osram,E27,108/60,9,806,4000,15000,100-240,No,No
LED Bulb,LV CLA 9W/865100-240VFRE2710X1G2KSAOSRAM,Osram,E27,108/60,9,806,6500,15000,100-240,No,No
LED Bulb,LV CLA12W/830100-240VFRE2710X1G2KSAOSRAM,Osram,E27,110/60,12,1055,3000,15000,100-240,No,No
LED Bulb,LV CLA12W/840100-240VFRE2710X1G2KSAOSRAM,Osram,E27,110/60,12,1055,4000,15000,100-240,No,No
LED Bulb,LV CLA12W/865100-240VFRE2710X1G2KSAOSRAM,Osram,E27,110/60,12,1055,6500,15000,100-240,No,No
LED Bulb,LV CLA15W/830100-240VFRE2710X1G2KSAOSRAM,Osram,E27,125/60,15,1521,3000,15000,100-240,No,No
LED Bulb,LV CLA15W/840100-240VFRE2710X1G2KSAOSRAM,Osram,E27,125/60,15,1521,4000,15000,100-240,No,No
LED Bulb,LV CLA15W/865100-240VFRE2710X1G2KSAOSRAM,Osram,E27,125/60,15,1521,6500,15000,100-240,No,No
LED Bulb,LV CLB 5W/830 100-240FRE1410X1G2KSAOSRAM,Osram,E27,100/37,5,470,3000,15000,100-240,No,No
LED Bulb,LV CLB 5W/865 100-240FRE1410X1G2KSAOSRAM,Osram,E27,100/37,5,470,6500,15000,100-240,No,No
LED Bulb,LVCLP 5W/830 100-240FR E2710X1G2KSAOSRAM,Osram,E27,80/45,5,470,3000,15000,100-240,No,No
LED Bulb,LV CLP 5W/865100-240VFRE2710X1G2KSAOSRAM,Osram,E27,80/45,5,470,6500,15000,100-240,No,No
LED Bulb,LVCLAH 12W/830100-240FRE2710X1G2KSAOSRAM,Osram,E27,120/60,12,1521,3000,15000,100-240,No,No
LED Bulb,LVCLAH 12W/840100-240FRE2710X1G2KSAOSRAM,Osram,E27,120/60,12,1521,4000,15000,100-240,No,No
LED Bulb,LVCLAH 12W/865100-240FRE2710X1G2KSAOSRAM,Osram,E27,120/60,12,1521,6500,15000,100-240,No,No
LED Bulb,"LVCLAH8,5W/830100-240FRE2710X1G2KSAOSRAM",Osram,E27,108/60,8.5,1018,3000,15000,100-240,No,No
LED Bulb,"LVCLAH8,5W/840100-240FRE2710X1G2KSAOSRAM",Osram,E27,108/60,8.5,1018,4000,15000,100-240,No,No
LED Bulb,"LVCLAH8,5W/865100-240FRE2710X1G2KSAOSRAM",Osram,E27,108/60,8.5,1018,6500,15000,100-240,No,No
LED Bulb,LEDBulb 12W E27 3000K 230V 1CT/12 KSA,Philips,E27,-,12,1150,3000,15000,220-240,No,No
LED Bulb,LEDBulb 12W E27 6500K 230V 1CT/12 KSA,Philips,E27,-,12,1250,6500,15000,220-240,No,No
 LED Stick,LVSTICK 7W/827 100-240V E27 10X1KSAOSRAM,Osram,E27,117/40,7,600,2700,15000,100-240,No,No
 LED Stick,LVSTICK 7W/840 100-240V E27 10X1KSAOSRAM,Osram,E27,117/40,7,650,4000,15000,100-240,No,No
 LED Stick,LVSTICK 7W/865 100-240V E27 10X1KSAOSRAM,Osram,E27,117/40,7,650,6500,15000,100-240,No,No
 LED Stick,LVSTICK 10W/827 100-240V E2710X1KSAOSRAM,Osram,E27,117/40,10,1050,2700,15000,100-240,No,No
 LED Stick,LVSTICK 10W/840 100-240V E2710X1KSAOSRAM,Osram,E27,117/40,10,1100,4000,15000,100-240,No,No
 LED Stick,LVSTICK 10W/865 100-240V E2710X1KSAOSRAM,Osram,E27,117/40,10,1100,6500,15000,100-240,No,No
 LED Stick,LVSTICK 12W/827 100-240V E2710X1KSAOSRAM,Osram,E27,125/40,12,1250,2700,15000,100-240,No,No
 LED Stick,LVSTICK 12W/840 100-240V E2710X1KSAOSRAM,Osram,E27,125/40,12,1300,4000,15000,100-240,No,No
 LED Stick,LVSTICK 12W/865 100-240V E2710X1KSAOSRAM,Osram,E27,125/40,12,1300,6500,15000,100-240,No,No
 LED Stick,Ess Stick 7W 3000K T36 100-240V E27 IP20 ND,Honeywell,E27,-,7,840,3000,15000,100-240,No,No
 LED Stick,Ess Stick 7W 4000K T36 100-240V E27 IP20 ND,Honeywell,E27,-,7,840,4000,15000,100-240,No,No
 LED Stick,Ess Stick 7W 6500K T36 100-240V E27 IP20 ND,Honeywell,E27,-,7,840,6500,15000,100-240,No,No
 LED Stick,Ess Stick 9W 3000K T36 100-240V E27 IP20 ND,Honeywell,E27,-,9,1080,3000,15000,100-240,No,No
 LED Stick,Ess Stick 9W 4000K T36 100-240V E27 IP20 ND,Honeywell,E27,-,9,1080,4000,15000,100-240,No,No
 LED Stick,Ess Stick 9W 6500K T36 100-240V E27 IP20 ND,Honeywell,E27,-,9,1080,6500,15000,100-240,No,No
 LED Stick,Ess Stick 10W 3000K T36 100-240V E27 IP20 ND,Honeywell,E27,-,10,1200,3000,15000,100-240,No,No
 LED Stick,Ess Stick 10W 4000K T36 100-240V E27 IP20 ND,Honeywell,E27,-,10,1200,4000,15000,100-240,No,No
 LED Stick,Ess Stick 10W 6500K T36 100-240V E27 IP20 ND,Honeywell,E27,-,10,1200,6500,15000,100-240,No,No
 LED Stick,Ess Stick 12W 3000K T44 100-240V E27  IP20 ND,Honeywell,E27,-,12,1440,3000,15000,100-240,No,No
 LED Stick,Ess Stick 12W 4000K T44 100-240V E27 IP20 ND,Honeywell,E27,-,12,1440,4000,15000,100-240,No,No
 LED Stick,Ess Stick 12W 6500K T44 100-240V E27 IP20 ND,Honeywell,E27,-,12,1440,6500,15000,100-240,No,No
 LED Stick,Ess Stick 14W 3000K T48 100-240V E27 IP20 ND,Honeywell,E27,-,14,1680,3000,15000,100-240,No,No
 LED Stick,Ess Stick 14W 4000K T48 100-240V E27 IP20 ND,Honeywell,E27,-,14,1680,4000,15000,100-240,No,No
 LED Stick,Ess Stick 14W 6500K T48 100-240V E27 IP20 ND,Honeywell,E27,-,14,1680,6500,15000,100-240,No,No
 LED Stick,DLStick 7.5W E27 3000K 1PF/12 KSA,Philips,E27,-,7.5,806,3000,15000,220-240,No,No
 LED Stick,DLStick 7.5W E27 6500K 1PF/12 KSA,Philips,E27,-,7.5,750,6500,15000,220-240,No,No
 LED Stick,DLStick 9.5W E27 3000K 1PF/12 KSA,Philips,E27,-,9.5,950,3000,15000,220-240,No,No
 LED Stick,DLStick 9.5W E27 6500K 1PF/12 KSA,Philips,E27,-,9.5,1050,6500,15000,220-240,No,No
 LED Stick,DLStick 11W E27 6500K 1PF/12 KSA,Philips,E27,-,11,1250,3000,15000,220-240,No,No
 LED Stick,DLStick 11W E27 6500K 1PF/12 KSA,Philips,E27,-,11,1400,6500,15000,220-240,No,No
 LED Stick,LEDBulb 7W E27 3000K 230V 1CT/12 KSA,Philips,E27,-,7,680,3000,15000,220-240,No,No
 LED Stick,LEDBulb 7W E27 6500K 230V 1CT/12 KSA,Philips,E27,-,7,720,6500,15000,220-240,No,No
 LED Stick,LEDBulb 9W E27 3000K 230V 1CT/12 KSA,Philips,E27,-,9,900,3000,15000,220-240,No,No
 LED Stick,LEDBulb 9W E27 6500K 230V 1CT/12 KSA,Philips,E27,-,9,950,6500,15000,220-240,No,No
LED  High Watt Bulb,TForce Core HB 35W E27 830 GN3 KSA,Philips,E27,-,35,4000,3000,15000,220-240,No,No
LED  High Watt Bulb,TForce Core HB 35W E27 865 GN3 KSA,Philips,E27,-,35,3700,6500,15000,220-240,No,No
LED  High Watt Bulb,TForce Core HB 42W E27 830 GN3 KSA,Philips,E27,-,42,4800,3000,15000,220-240,No,No
LED  High Watt Bulb,TForce Core HB 42W E27 865 GN3 KSA,Philips,E27,-,42,5000,6500,15000,220-240,No,No
LED  High Watt Bulb,TForce LED HPL ND 30-21W E27 830,Philips,E27,-,21,3000,3000,50000,220-240,No,No
LED  High Watt Bulb,TForce LED HPL ND 30-21W E27 840,Philips,E27,-,21,3000,4000,50000,220-240,No,No
LED  High Watt Bulb,TForce LED HPL ND 40-28W E27 830,Philips,E27,-,28,4000,3000,50000,220-240,No,No
LED  High Watt Bulb,TForce LED HPL ND 40-28W E27 840,Philips,E27,-,28,4000,4000,50000,220-240,No,No
LED  High Watt Bulb,TForce LED HPL ND 60-42W E27 830,Philips,E27,-,42,6000,3000,50000,220-240,No,No
LED  High Watt Bulb,TForce LED HPL ND 60-42W E27 840,Philips,E27,-,42,6000,4000,50000,220-240,No,No
LED  High Watt Bulb,TForce LED HPL ND 60-42W E40 830,Philips,E40,-,42,6000,3000,50000,220-240,No,No
LED  High Watt Bulb,TForce LED HPL ND 60-42W E40 840,Philips,E40,-,42,6000,4000,50000,220-240,No,No
LED  High Watt Bulb,MAS LED SON-T EM 3.6Klm 23W 727 E27,Philips,E27,-,23,3600,2700,50000,220-240,No,No
LED  High Watt Bulb,MAS LED SON-T EM 5.4Klm 34W 727 E27,Philips,E27,-,34,5400,2700,50000,220-240,No,No
LED  High Watt Bulb,MAS LED SON-T EM 9Klm 50W 740 E40,Philips,E40,-,50,9000,4000,50000,220-240,No,No
LED  High Watt Bulb,MAS LED SON-T EM 12Klm 65W 740 E40,Philips,E40,-,65,12000,4000,50000,220-240,No,No
LED  High Watt Bulb,MAS LED SON-T UE M 9Klm 42.8W 740 E40,Philips,E40,-,42.8,9000,4000,50000,220-240,No,No
LED  High Watt Bulb,Ult HLL 25W 2200K 100-240V E27 IP65 ND,Honeywell,E27,-,25,3950,2200,50000,100-240,No,No
LED  High Watt Bulb,Ult HLL 25W 2700K 100-240V E27 IP65 ND,Honeywell,E27,-,25,3950,2700,50000,100-240,No,No
LED  High Watt Bulb,Ult HLL 25W 4000K 100-240V E27 IP65 ND,Honeywell,E27,-,25,4375,4000,50000,100-240,No,No
LED  High Watt Bulb,Ult HLL 25W 6500K 100-240V E27 IP65 ND,Honeywell,E27,-,25,4375,6500,50000,100-240,No,No
LED  High Watt Bulb,Ult HLL 35W 2200K 100-240V E27 IP65 ND,Honeywell,E27,-,35,5530,2200,50000,100-240,No,No
LED  High Watt Bulb,Ult HLL 35W 2700K 100-240V E27 IP65 ND,Honeywell,E27,-,35,5530,2700,50000,100-240,No,No
LED  High Watt Bulb,Ult HLL 35W 4000K 100-240V E27 IP65 ND,Honeywell,E27,-,35,6125,4000,50000,100-240,No,No
LED  High Watt Bulb,Ult HLL 35W 6500K 100-240V E27 IP65 ND,Honeywell,E27,-,35,6125,6500,50000,100-240,No,No
LED  High Watt Bulb,Ult HLL 35W 2200K 100-240V E40 IP65 ND,Honeywell,E40,-,35,5530,2200,50000,100-240,No,No
LED  High Watt Bulb,Ult HLL 35W 2700K 100-240V E40 IP65 ND,Honeywell,E40,-,35,5530,2700,50000,100-240,No,No
LED  High Watt Bulb,Ult HLL 35W 4000K 100-240V E40 IP65 ND,Honeywell,E40,-,35,6125,4000,50000,100-240,No,No
LED  High Watt Bulb,Ult HLL 35W 6500K 100-240V E40 IP65 ND,Honeywell,E40,-,35,6125,6500,50000,100-240,No,No
LED  High Watt Bulb,Ult HLL 54 W 2200K 100-240V E40 IP65 ND,Honeywell,E40,-,54,8532,2200,50000,100-240,No,No
LED  High Watt Bulb,Ult HLL 54 W 2700K 100-240V E40 IP65 ND,Honeywell,E40,-,54,8532,2700,50000,100-240,No,No
LED  High Watt Bulb,Ult HLL 54 W 4000K 100-240V E40 IP65 ND,Honeywell,E40,-,54,9450,4000,50000,100-240,No,No
LED  High Watt Bulb,Ult HLL 54 W 6500K 100-240V E40 IP65 ND,Honeywell,E40,-,54,9450,6500,50000,100-240,No,No
LED  High Watt Bulb,Ult HLL 69W 2200K 100-240V E40 IP65 ND,Honeywell,E40,-,69,10902,2200,50000,100-240,No,No
LED  High Watt Bulb,Ult HLL 69W 2700K 100-240V E40 IP65 ND,Honeywell,E40,-,69,10902,2700,50000,100-240,No,No
LED  High Watt Bulb,Ult HLL 69W 4000K 100-240V E40 IP65 ND,Honeywell,E40,-,69,12075,4000,50000,100-240,No,No
LED  High Watt Bulb,Ult HLL 69W 6500K 100-240V E40 IP65 ND,Honeywell,E40,-,69,12075,6500,50000,100-240,No,No
LED  High Watt Bulb,Ult HLL 88W 2200K 100-240V E40 IP65 ND,Honeywell,E40,-,88,13904,2200,50000,100-240,No,No
LED  High Watt Bulb,Ult HLL 88W 2700K 100-240V E40 IP65 ND,Honeywell,E40,-,88,13904,2700,50000,100-240,No,No
LED  High Watt Bulb,Ult HLL 88W 4000K 100-240V E40 IP65 ND,Honeywell,E40,-,88,15400,4000,50000,100-240,No,No
LED  High Watt Bulb,Ult HLL 88W 6500K 100-240V E40 IP65 ND,Honeywell,E40,-,88,15400,6500,50000,100-240,No,No
LED  High Watt Bulb,Ult HLL 100W 2200K 100-240V E40 IP65 ND,Honeywell,E40,-,100,15800,2200,50000,100-240,No,No
LED  High Watt Bulb,Ult HLL 100W 2700K 100-240V E40 IP65 ND,Honeywell,E40,-,100,15800,2700,50000,100-240,No,No
LED  High Watt Bulb,Ult HLL 100W 4000K 100-240V E40 IP65 ND,Honeywell,E40,-,100,17500,4000,50000,100-240,No,No
LED  High Watt Bulb,Ult HLL 100W 6500K 100-240V E40 IP65 ND,Honeywell,E40,-,100,17500,6500,50000,100-240,No,No
LED  High Watt Bulb,Ess HLL 25W 3000K 2500 220-240V E27 IP20 ND,Honeywell,E27,-,25,2500,3000,30000,220-240,No,No
LED  High Watt Bulb,Ess HLL 25W 4000K 2500 220-240V E27 IP20 ND,Honeywell,E27,-,25,2500,4000,30000,220-240,No,No
LED  High Watt Bulb,Ess HLL 25W 6500K 2500 220-240V E27 IP20 ND,Honeywell,E27,-,25,2500,6500,30000,220-240,No,No
LED  High Watt Bulb,Ess HLL 35W 3000K 3500 220-240V E27 IP20 ND,Honeywell,E27,-,35,3500,3000,30000,220-240,No,No
LED  High Watt Bulb,Ess HLL 35W 4000K 3500 220-240V E27 IP20 ND,Honeywell,E27,-,35,3500,4000,30000,220-240,No,No
LED  High Watt Bulb,Ess HLL 35W 6500K 3500 220-240V E27 IP20 ND,Honeywell,E27,-,35,3500,6500,30000,220-240,No,No
LED  High Watt Bulb,Ess HLL 42W 3000K 4200 220-240V E27 IP20 ND,Honeywell,E27,-,42,4200,3000,30000,220-240,No,No
LED  High Watt Bulb,Ess HLL 42W 4000K 4200 220-240V E27 IP20 ND,Honeywell,E27,-,42,4200,4000,30000,220-240,No,No
LED  High Watt Bulb,Ess HLL 42W 6500K 4200 220-240V E27 IP20 ND,Honeywell,E27,-,42,4200,6500,30000,220-240,No,No
LED  High Watt Bulb,Ess HLL 55W 3000K 5500 220-240V E27 IP20 ND,Honeywell,E27,-,55,5500,3000,30000,220-240,No,No
LED  High Watt Bulb,Ess HLL 55W 4000K 5500 220-240V E27 IP20 ND,Honeywell,E27,-,55,5500,4000,30000,220-240,No,No
LED  High Watt Bulb,Ess HLL 55W 6500K 5500 220-240V E27 IP20 ND,Honeywell,E27,-,55,5500,6500,30000,220-240,No,No
LED  High Watt Bulb,LV HW 18W/827 100-240V E2710X1G3KSAOSRAM,Osram,E27,135/68,18,2070,2700,20000,100-240,No,No
LED  High Watt Bulb,LV HW 18W/865 100-240V E2710X1G3KSAOSRAM,Osram,E27,135/68,18,2070,6500,20000,100-240,No,No
LED  High Watt Bulb,LV HW 27W/827 100-240V E2710X1G3KSAOSRAM,Osram,E27,108/158,27,3105,2700,20000,100-240,No,No
LED  High Watt Bulb,LV HW 27W/865 100-240V E2710X1G3KSAOSRAM,Osram,E27,108/158,27,3105,6500,20000,100-240,No,No
LED  High Watt Bulb,LV HW 36W/827 100-240V E2710X1G3KSAOSRAM,Osram,E27,160/185,36,4140,2700,20000,100-240,No,No
LED  High Watt Bulb,LV HW 36W/865 100-240V E2710X1G3KSAOSRAM,Osram,E27,160/185,36,4140,6500,20000,100-240,No,No
LED  High Watt Bulb,LV HW 45W/827 100-240V E2710X1G3KSAOSRAM,Osram,E27,230/203,45,5175,2700,20000,100-240,No,No
LED  High Watt Bulb,LV HW 45W/865 100-240V E2710X1G3KSAOSRAM,Osram,E27,230/203,45,5175,6500,20000,100-240,No,No
LED  High Watt Bulb,LV HW 45W/865 100-240V E4010X1G3KSAOSRAM,Osram,E40,230/203,45,5175,6500,20000,100-240,No,No
LED  High Watt Bulb,HQLLED 37W/827 100-240V E27 6X1 KSAOSRAM,Osram,E27,195/80,37,5400,2700,50000,100-240,No,No
LED  High Watt Bulb,HQLLED 37W/827 100-240V E40 6X1 KSAOSRAM,Osram,E40,204/80,37,5400,2700,50000,100-240,No,No
LED  High Watt Bulb,HQLLED 37W/840 100-240V E27 6X1 KSAOSRAM,Osram,E27,195/80,37,6000,4000,50000,100-240,No,No
LED  High Watt Bulb,HQLLED 37W/840 100-240V E40 6X1 KSAOSRAM,Osram,E40,204/80,37,6000,4000,50000,100-240,No,No
LED  High Watt Bulb,HQLLED 70W/840 100-240V E40 6X1 KSAOSRAM,Osram,E40,270/110,70,12000,4000,50000,100-240,No,No
LED  High Watt Bulb,HQLLED 36W/822 100-240V E40 6X1 KSAOSRAM,Osram,E40,204/80,36,4500,2200,50000,100-240,No,No
LED  High Watt Bulb,HQLLED 70W/822 100-240V E40 6X1 KSAOSRAM,Osram,E40,270/110,70,8400,2200,50000,100-240,No,No
LED  High Watt Bulb,HQLLED 70W/827 100-240V E40 6X1 KSAOSRAM,Osram,E40,270/110,70,10000,2700,50000,100-240,No,No
LED  High Watt Bulb,HQLLED 36W/822 100-240V E27 6X1 KSAOSRAM,Osram,E27,195/80,36,4500,2200,50000,100-240,No,No
LED  High Watt Bulb,HQLLED180016W/827230VPROE276X1G3KSAOSRAM,Osram,E27,153/75,16,1800,2700,50000,220-240,No,No
LED  High Watt Bulb,HQLLED200016W/840230VPROE276X1G3KSAOSRAM,Osram,E27,153/75,16,2000,4000,50000,220-240,No,No
LED  High Watt Bulb,HQLLED270023W/827230VPROE276X1G3KSAOSRAM,Osram,E27,145/76,23,2700,2700,50000,220-240,No,No
LED  High Watt Bulb,HQLLED300023W/840230VPROE276X1G3KSAOSRAM,Osram,E27,145/76,23,3000,4000,50000,220-240,No,No
LED  High Watt Bulb,HQLLED360030W/827230VPROE276X1G3KSAOSRAM,Osram,E27,170/75,30,3600,2700,50000,220-240,No,No
LED  High Watt Bulb,HQLLED400030W/840230VPROE276X1G3KSAOSRAM,Osram,E27,170/75,30,4000,4000,50000,220-240,No,No
LED  High Watt Bulb,HQLLED 23W/840 100-240V E276X1G3KSAOSRAM,Osram,E27,170/75,23,4094,4000,60000,100-240,No,No
LED  High Watt Bulb,HQLLED 66W/840 100-240V E406X1G3KSAOSRAM,Osram,E40,270/110,66,11946,4000,60000,100-240,No,No
LED Panel,LDPFM PL0606B 22W 840 WV (P-PL0606B-22W840-WV-K),LEDVANCE,Square,600 X 600 mm,22,3300,4000,50000,100-277,No,No
LED Panel,LDPFM PL0606B 22W 865 WV (P-PL0606B-22W865-WV-K),LEDVANCE,Square,600 X 600 mm,22,3300,6500,50000,100-277,No,No
LED Panel,LDPFM PL0606B 24W 830  (P-PL0606B-24W830-WV),LEDVANCE,Square,600 X 600 mm,24,3600,3000,50000,100-277,No,No
LED Panel,LDPFM PL0606B 24W 840  (P-PL0606B-24W840-WV),LEDVANCE,Square,600 X 600 mm,24,3840,4000,50000,100-277,No,No
LED Panel,LDPFM PL0606B 24W 865  (P-PL0606B-24W865-WV),LEDVANCE,Square,600 X 600 mm,24,3840,6500,50000,100-277,No,No
LED Panel,LDPFM PL0606 20W HE1 840 WV 6X1 KSALEDV,LEDVANCE,Square,600 X 600 mm,20,3800,4000,50000,100-240,No,No
LED Panel,LDPFM PL0606 20W HE1 865 WV 6X1 KSALEDV,LEDVANCE,Square,600 X 600 mm,20,3800,6500,50000,100-240,No,No
LED Panel,LDPFM PL0606B 28W 830 WV (P-PL0606B-28W830-WV-H),LEDVANCE,Square,600 X 600 mm,28,3680,3000,50000,100-277,No,No
LED Panel,LDPFM PL0606B 28W 840 WV (P-PL0606B-28W840-WV-H),LEDVANCE,Square,600 X 600 mm,28,4000,4000,50000,100-277,No,No
LED Panel,LDPFM PL0606B 28W 865 WV (P-PL0606B-28W865-WV-H),LEDVANCE,Square,600 X 600 mm,28,4000,6500,50000,100-277,No,No
LED Panel,LDVAL PANEL 0312 36W 840 ,Ledvance,Rectangular,300 X 1200 mm,36,4000,4000,50000,220-240,No,No
LED Panel,LDVAL PANEL 0312 36W 865,Ledvance,Rectangular,300 X 1200 mm,36,4000,6500,50000,220-240,No,No
LED Panel,LDVAL PL0612B 53W 830 ,Ledvance,Rectangular,600 X 1200 mm,53,5380,3000,50000,220-240,No,No
LED Panel,LDVAL PL0612B 53W 840 ,Ledvance,Rectangular,600 X 1200 mm,53,5850,4000,50000,220-240,No,No
LED Panel,LDVAL PL0612B 53W 865 ,Ledvance,Rectangular,600 X 1200 mm,53,5850,6500,50000,220-240,No,No
LED Panel,Ult BL 20W 4000K 100-240V 60X60 IP20/54 ND UGR<19,Honeywell,Square,600 X 600 mm,20,3200,4000,50000,100-240,No,No
LED Panel,Ult BL 20W 6500K 100-240V 60X60 IP20/54 ND UGR<19,Honeywell,Square,600 X 600 mm,20,3200,6500,50000,100-240,No,No
LED Panel,Ult BL 25W 4000K 100-240V 60X60 IP20/54 ND UGR<19,Honeywell,Square,600 X 600 mm,25,4000,4000,50000,100-240,No,No
LED Panel,Ult BL 25W 6500K 100-240V 60X60 IP20/54 ND UGR<19,Honeywell,Square,600 X 600 mm,25,4000,6500,50000,100-240,No,No
LED Panel,Ult BL 23.5W 4000K 100-240V 60X60 IP20/54 ND UGR<22,Honeywell,Square,600 X 600 mm,23.5,3840,4000,50000,100-240,No,No
LED Panel,Ult BL 23.5W 6500K 100-240V 60X60 IP20/54 ND UGR<22,Honeywell,Square,600 X 600 mm,23.5,3840,6500,50000,100-240,No,No
LED Panel,Ult BL 25W 4000K 100-277V 30X120 IP20/54 ND UGR<19,Honeywell,Rectangular,300 X 1200 mm,25,4000,4000,50000,100-240,No,No
LED Panel,Ult BL 25W 6500K 100-277V 30X120 IP20/54 ND UGR<19,Honeywell,Rectangular,300 X 1200 mm,25,4000,6500,50000,100-240,No,No
LED Panel,Ult BL 38W 4000K 100-277V 60X120 IP20/54 ND UGR<19,Honeywell,Rectangular,600 X 1200 mm,38,6080,4000,50000,100-240,No,No
LED Panel,Ult BL 38W 6500K 100-277V 60X120 IP20/54 ND UGR<19,Honeywell,Rectangular,600 X 1200 mm,38,6080,6500,50000,100-240,No,No
LED Panel,RC199V LED40/830 PSU W60L60 UE KSA,Philips ,Square,600 X 600 mm,21,4000,3000,50000,220-240,No,No
LED Panel,RC199V LED57/830 PSU W60L120 UE KSA,Philips ,Rectangular,600 X 1200 mm,33,5700,3000,50000,220-240,No,No
LED Panel,RC099V G3 LED38/830 PSU W60L60 HE,Philips ,Square,600 X 600 mm,27,3800,3000,50000,220-240,No,No
LED Panel,RC199V LED40/840 PSU W60L60 UE KSA,Philips ,Square,600 X 600 mm,21,4000,4000,50000,220-240,No,No
LED Panel,RC199V LED57/840 PSU W60L120 UE KSA,Philips ,Rectangular,600 X 1200 mm,33,5700,4000,50000,220-240,No,No
LED Panel,RC099V G3 LED38/840 PSU W60L60 HE,Philips ,Square,600 X 600 mm,27,3800,4000,50000,220-240,No,No
LED Panel,RC199V LED40/865 PSU W60L60 UE KSA,Philips ,Square,600 X 600 mm,21,4000,6500,50000,220-240,No,No
LED Panel,RC199V LED57/865 PSU W60L120 UE KSA,Philips ,Rectangular,600 X 1200 mm,33,5700,6500,50000,220-240,No,No
LED Panel,RC099V G3 LED38/865 PSU W60L60 HE,Philips ,Square,600 X 600 mm,27,3800,6500,50000,220-240,No,No
LED Panel,"Ult BL 20W 4000K 100-240V 60X60 IP20/54 ND UGR<19,4000lm",Honeywell,Square,600 X 600 mm,20,4000,4000,50000,220-240,No,No
LED Panel,Ult BL UE 19W 6500K 100-240V 60X60 IP20/54 ND UGR<22,Honeywell,Square,600 X 600 mm,19,3800,4000,50000,220-240,No,No
LED Panel,Ult BL UE 19W 4000K 100-240V 60X60 IP20/54 ND UGR<22,Honeywell,Square,600 X 600 mm,19,3800,4000,50000,220-240,No,No
LED Panel,LED PANEL TROFFER 60x60 22w 840 4000k 4000Lm WV 2x2 KSA LEDV,LEDVANCE,Square,600 X 600 mm,22,4000,4000,50000,100-240,,
LED Panel,Ult BL UE 20W 4000K 4000LM 100-277V 60x60 PANEL IP20 ND UGR<22 ,Honeywell,Square,600 X 600 mm,20,4000,4000,50000,220-240,No,No
Ceiling Light ,LDVAL CEILING 23W 830 G2 ,Ledvance,Round,330 mm,23,1770,3000,15000,220-240,No,No
Ceiling Light ,LDVAL CEILING 23W 840 G2 ,Ledvance,Round,330 mm,23,1860,4000,15000,220-240,No,No
Ceiling Light ,LDVAL CEILING 23W 865 G2 ,Ledvance,Round,330 mm,23,1860,6500,15000,220-240,No,No
LED Downlight,LDSUP DL 105 6W 930 WV (P-DL-R105-6W-WV-G3-930),LEDVANCE,Round,"4""",6,750,3000,50000,100-277,No,No
LED Downlight,LDSUP DL 105 6W 940 WV (P-DL-R105-6W-WV-G3-940),LEDVANCE,Round,"4""",6,780,4000,50000,100-277,No,No
LED Downlight,LDSUP DL 105 6W 965 WV (P-DL-R105-6W-WV-G3-965),LEDVANCE,Round,"4""",6,780,6500,50000,100-277,No,No
LED Downlight,LDSUP DL 150 9W 930 WV (P-DL-R150-9W-WV-G3-930),LEDVANCE,Round,"6""",9,1200,3000,50000,100-277,No,No
LED Downlight,LDSUP DL 150 9W 940 WV (P-DL-R150-9W-WV-G3-940),LEDVANCE,Round,"6""",9,1260,4000,50000,100-277,No,No
LED Downlight,LDSUP DL 150 9W 965 WV (P-DL-R150-9W-WV-G3-965),LEDVANCE,Round,"6""",9,1260,6500,50000,100-277,No,No
LED Downlight,LDSUP DL 150 12W 930 WV (P-DL-R150-12W-WV-G3-930),LEDVANCE,Round,"6""",12,1600,3000,50000,100-277,No,No
LED Downlight,LDSUP DL 150 12W 940 WV (P-DL-R150-12W-WV-G3-940),LEDVANCE,Round,"6""",12,1680,4000,50000,100-277,No,No
LED Downlight,LDSUP DL 150 12W 965 WV (P-DL-R150-12W-WV-G3-965),LEDVANCE,Round,"6""",12,1680,6500,50000,100-277,No,No
LED Downlight,LDSUP DL 190 15W 930 WV (P-DL-R190-15W-WV-G3-930),LEDVANCE,Round,"8""",15,2000,3000,50000,100-277,No,No
LED Downlight,LDSUP DL 190 15W 940 WV (P-DL-R190-15W-WV-G3-940),LEDVANCE,Round,"8""",15,2100,4000,50000,100-277,No,No
LED Downlight,LDSUP DL 190 15W 965 WV (P-DL-R190-15W-WV-G3-965),LEDVANCE,Round,"8""",15,2100,6500,50000,100-277,No,No
LED Downlight,LDSUP DL 190 18W 930 WV (P-DL-R190-18W-WV-G3-930),LEDVANCE,Round,"8""",18,2400,3000,50000,100-277,No,No
LED Downlight,LDSUP DL 190 18W 940 WV (P-DL-R190-18W-WV-G3-940),LEDVANCE,Round,"8""",18,2520,4000,50000,100-277,No,No
LED Downlight,LDSUP DL 190 18W 965 WV (P-DL-R190-18W-WV-G3-965),LEDVANCE,Round,"8""",18,2520,6500,50000,100-277,No,No
LED Downlight,DL ALU DN200 35W/3000K,Osram,Round,"8""",35,2950,3000,50000,220-240,No,No
LED Downlight,DL ALU DN200 35W/4000K,Osram,Round,"8""",35,3150,4000,50000,220-240,No,No
LED Downlight,DL ALU DN200 35W/6500K,Osram,Round,"8""",35,3150,6500,50000,220-240,No,No
LED Downlight,LDVAL SLIMDL RD 70 4W 830 ,Osram,Round,"3""",4,275,3000,30000,220-240,No,No
LED Downlight,LDVAL SLIMDL RD 70 4W 840 ,Osram,Round,"3""",4,285,4000,30000,220-240,No,No
LED Downlight,LDVAL SLIMDL RD 70 4W 865 ,Osram,Round,"3""",4,285,6500,30000,220-240,No,No
LED Downlight,LDVAL SLIMDL RD 105 9W 830 ,Osram,Round,"4""",9,650,3000,30000,220-240,No,No
LED Downlight,LDVAL SLIMDL RD 105 9W 840 ,Osram,Round,"4""",9,700,4000,30000,220-240,No,No
LED Downlight,LDVAL SLIMDL RD 105 9W 865 ,Osram,Round,"4""",9,700,6500,30000,220-240,No,No
LED Downlight,LDVAL SLIMDL RD 150 15W830 ,Osram,Round,"6""",15,1080,3000,30000,220-240,No,No
LED Downlight,LDVAL SLIMDL RD 150 15W840,Osram,Round,"6""",15,1200,4000,30000,220-240,No,No
LED Downlight,LDVAL SLIMDL RD 150 15W865,Osram,Round,"6""",15,1200,6500,30000,220-240,No,No
LED Downlight,LDVAL SLIMDL RD 205 18W830 ,Osram,Round,"8""",18,1600,3000,30000,220-240,No,No
LED Downlight,LDVAL SLIMDL RD 205 18W840 ,Osram,Round,"8""",18,1750,4000,30000,220-240,No,No
LED Downlight,LDVAL SLIMDL RD 205 18W865 ,Osram,Round,"8""",18,1750,6500,30000,220-240,No,No
LED Downlight,Ultimate Downlight UE UGR 5.5W 3000K 100-240V ND,Honeywell,Round,4,5.5,693,3000,50000,100-240,No,No
LED Downlight,Ultimate Downlight UE UGR 5.5W 4000K 100-240V ND,Honeywell,Round,4,5.5,721,4000,50000,100-240,No,No
LED Downlight,Ultimate Downlight UE UGR 5.5W 6500K 100-240V ND,Honeywell,Round,4,5.5,721,6500,50000,100-240,No,No
LED Downlight,Ultimate Downlight UE UGR 8.5W 3000K 100-240V ND,Honeywell,Round,6,8.5,1139,3000,50000,100-240,No,No
LED Downlight,Ultimate Downlight UE UGR 8.5W 4000K 100-240V ND,Honeywell,Round,6,8.5,1207,4000,50000,100-240,No,No
LED Downlight,Ultimate Downlight UE UGR 8.5W 6500K 100-240V ND,Honeywell,Round,6,8.5,1207,6500,50000,100-240,No,No
LED Downlight,Ultimate Downlight UE UGR 11W 3000K 100-240V ND,Honeywell,Round,6,11,1474,3000,50000,100-240,No,No
LED Downlight,Ultimate Downlight UE UGR 11W 4000K 100-240V ND,Honeywell,Round,6,11,1562,4000,50000,100-240,No,No
LED Downlight,Ultimate Downlight UE UGR 11W 6500K 100-240V ND,Honeywell,Round,6,11,1562,6500,50000,100-240,No,No
LED Downlight,Ultimate Downlight UE UGR 14W 3000K 100-240V ND,Honeywell,Round,8,14,1876,3000,50000,100-240,No,No
LED Downlight,Ultimate Downlight UE UGR 14W 4000K 100-240V ND,Honeywell,Round,8,14,1988,4000,50000,100-240,No,No
LED Downlight,Ultimate Downlight UE UGR 14W 6500K 100-240V ND,Honeywell,Round,8,14,1988,6500,50000,100-240,No,No
LED Downlight,Ultimate Downlight UE UGR 17W 3000K 100-240V ND,Honeywell,Round,8,17,2278,3000,50000,100-240,No,No
LED Downlight,Ultimate Downlight UE UGR 17W 4000K 100-240V ND,Honeywell,Round,8,17,2414,4000,50000,100-240,No,No
LED Downlight,Ultimate Downlight UE UGR 17W 6500K 100-240V ND,Honeywell,Round,8,17,2414,6500,50000,100-240,No,No
LED Downlight,Ultimate Downlight UE UGR 22W 3000K 100-240V ND,Honeywell,Round,8,22,2948,3000,50000,100-240,No,No
LED Downlight,Ultimate Downlight UE UGR 22W 4000K 100-240V ND,Honeywell,Round,8,22,3124,4000,50000,100-240,No,No
LED Downlight,Ultimate Downlight UE UGR 22W 6500K 100-240V ND,Honeywell,Round,8,22,3124,6500,50000,100-240,No,No
LED Downlight,Ultimate Downlight UE UGR 27W 3000K 100-240V ND,Honeywell,Round,8,27,3618,3000,50000,100-240,No,No
LED Downlight,Ultimate Downlight UE UGR 27W 4000K 100-240V ND,Honeywell,Round,8,27,3834,4000,50000,100-240,No,No
LED Downlight,Ultimate Downlight UE UGR 27W 6500K 100-240V ND,Honeywell,Round,8,27,3834,6500,50000,100-240,No,No
LED Downlight,Ess COB DL 7W 4000K 3 Inch 100-240V 7.5cm IP20 ND,Honeywell,Round,3,7,630,3000,30000,100-240,No,No
LED Downlight,Ess COB DL 7W 6500K 3 Inch 100-240V 7.5cm IP20 ND,Honeywell,Round,3,7,630,4000,30000,100-240,No,No
LED Downlight,Ess COB DL 7W 3000K 3 Inch 100-240V 7.5cm IP20 ND,Honeywell,Round,3,7,630,6500,30000,100-240,No,No
LED Downlight,Ess COB DL 10W 4000K 4 Inch 100-240V 10.5cm IP20 ND,Honeywell,Round,4,10,900,3000,30000,100-240,No,No
LED Downlight,Ess COB DL 10W 6500K 4 Inch 100-240V 10.5cm IP20 ND,Honeywell,Round,4,10,900,4000,30000,100-240,No,No
LED Downlight,Ess COB DL 10W 3000K 4 Inch 100-240V 10.5cm IP20 ND,Honeywell,Round,4,10,900,6500,30000,100-240,No,No
LED Downlight,Ess COB DL 15W 3000K 6 Inch 100-240V 14cm IP20 ND,Honeywell,Round,6,15,1350,3000,30000,100-240,No,No
LED Downlight,Ess COB DL 15W 4000K 6 Inch 100-240V 14cm IP20 ND,Honeywell,Round,6,15,1350,4000,30000,100-240,No,No
LED Downlight,Ess COB DL 15W 6500K 6 Inch 100-240V 14cm IP20 ND,Honeywell,Round,6,15,1350,6500,30000,100-240,No,No
LED Downlight,Ess COB DL 30W 3000K 8 Inch 100-240V 20cm IP20 ND,Honeywell,Round,8,30,2700,3000,30000,100-240,No,No
LED Downlight,Ess COB DL 30W 4000K 8 Inch 100-240V 20cm IP20 ND,Honeywell,Round,8,30,2700,4000,30000,100-240,No,No
LED Downlight,Ess COB DL 30W 6500K 8 Inch 100-240V 20cm IP20 ND,Honeywell,Round,8,30,2700,6500,30000,100-240,No,No
LED Downlight,Ess COB Surface DL 20W 3000K 100-240V 17 cm IP20 ND,Honeywell,Round,6.8,20,1800,3000,30000,100-240,No,No
LED Downlight,Ess COB Surface DL 20W 4000K 100-240V 17 cm IP20 ND,Honeywell,Round,6.8,20,1800,4000,30000,100-240,No,No
LED Downlight,Ess COB Surface DL 20W 6500K 100-240V 17 cm IP20 ND,Honeywell,Round,6.8,20,1800,6500,30000,100-240,No,No
LED Downlight,Ess COB Surface DL 30W 3000K 100-240V 22 cm IP20 ND,Honeywell,Round,8.8,30,2700,3000,30000,100-240,No,No
LED Downlight,Ess COB Surface DL 30W 4000K 100-240V 22 cm IP20 ND,Honeywell,Round,8.8,30,2700,4000,30000,100-240,No,No
LED Downlight,Ess COB Surface DL 30W 6500K 100-240V 22 cm IP20 ND,Honeywell,Round,8.8,30,2700,6500,30000,100-240,No,No
LED Downlight,Ess COB Surface DL 40W 3000K 100-240V 30 cm IP20 ND,Honeywell,Round,12,40,3600,3000,30000,100-240,No,No
LED Downlight,Ess COB Surface DL 40W 4000K 100-240V 30 cm IP20 ND,Honeywell,Round,12,40,3600,4000,30000,100-240,No,No
LED Downlight,Ess COB Surface DL 40W 6500K 100-240V 30 cm IP20 ND,Honeywell,Round,12,40,3600,6500,30000,100-240,No,No
LED Downlight,Ess R SMD DL 9W 4000K 4 Inch 220-240V 10±5 IP20 ND,Honeywell,Round,4,9,810,4000,25000,220-240,No,No
LED Downlight,DN390B LED7/840 P6PSU D100 WH GMG2HE,Philips ,Round,"4""",5.8,750,4000,50000,220-240,No,No
LED Downlight,DN391B LED15/840 P11PSU D100 WH GMG2HE,Philips ,Round,"4""",11.4,1500,4000,50000,220-240,No,No
LED Downlight,DN392B LED20/840 P14PSU D150 WH GMG2HE,Philips ,Round,"6""",14.4,2000,4000,50000,220-240,No,No
LED Downlight,DN392B LED20/840 P14PSU D200 WH GMG2HE,Philips ,Round,"8""",14.4,2000,4000,50000,220-240,No,No
LED Downlight,DN393B LED26/840 P19PSU D200 WH GMG2HE,Philips ,Round,"8""",19.2,2600,4000,50000,220-240,No,No
LED Downlight,DN394B LED40/840 P29PSU D200 WH GMG2HE,Philips ,Round,"8""",29.3,4000,4000,50000,220-240,No,No
LED Downlight,DN590B LED17/840 P10PSU D150 WB UE G2,Philips ,Round,"6""",10,1700,4000,75000,220-240,No,No
LED Downlight,DN591B LED23/840 P13PSU D200 WB UE G2,Philips ,Round,"8""",13.2,2279,4000,75000,220-240,No,No
LED Downlight,DN589B LED12/840 P7PSU D125 WB UE G2,Philips ,Round,"5""",7.5,1185,4000,75000,220-240,No,No
LED Downlight,DN594B LED42/840 P30PSU D200 VWB-M G2,Philips ,Round,"8""",29.7,4324,4000,75000,220-240,No,No
LED Downlight,DN390B LED7/865 P6PSU D100 WH GMG2HE,Philips ,Round,"4""",5.8,750,6500,50000,220-240,No,No
LED Downlight,DN391B LED15/865 P11PSU D100 WH GMG2HE,Philips ,Round,"4""",11.4,1500,6500,50000,220-240,No,No
LED Downlight,DN392B LED20/865 P14PSU D150 WH GMG2HE,Philips ,Round,"6""",14.4,2000,6500,50000,220-240,No,No
LED Downlight,DN392B LED20/865 P14PSU D200 WH GMG2HE,Philips ,Round,"8""",14.4,2000,6500,50000,220-240,No,No
LED Downlight,DN393B LED26/865 P19PSU D200 WH GMG2HE,Philips ,Round,"8""",19.2,2600,6500,50000,220-240,No,No
LED Downlight,DN394B LED40/865 P29PSU D200 WH GMG2HE,Philips ,Round,"8""",29.3,4000,6500,50000,220-240,No,No
LED Downlight,DN590B LED17/865 P10PSU D150 WB UE G2,Philips ,Round,"6""",10,1700,6500,75000,220-240,No,No
LED Downlight,DN591B LED23/865 P13PSU D200 WB UE G2,Philips ,Round,"8""",13.2,2279,6500,75000,220-240,No,No
LED Downlight,DN589B LED12/865 P7PSU D125 WB UE G2,Philips ,Round,"5""",7.5,1185,6500,75000,220-240,No,No
LED Downlight,DN594B LED42/865 P30PSU D200 VWB-M G2,Philips ,Round,"8""",29.7,4324,6500,75000,220-240,No,No
LED Downlight,LDVAL DL COB 200 40W 840 12X1 KSA LEDV ,LEDVANCE,Round,8'',40,4000,4000,30000,110-240,No,No
LED Downlight,LED ECO DOWNLIGHT R35 6W HO G2 ,LEDVANCE,Round,3.5'',6,600,4000,25000,220-240,No,No
LED Downlight,DN068B G2 LED20/840 PSU D200,Philips ,Round,8'',18,2000,4000,50000,220-240,No,No
LED Downlight,Ess Surface R SMD DL 18W 3000K 220-240V IP20 ND,Honeywell,Round,223 mm,18,1325,3000,25000,220-240,No,No
LED Downlight,Ess Surface R SMD DL 18W 4000K 220-240V IP20 ND,Honeywell,Round,223 mm,18,1440,4000,25000,220-240,No,No
LED Flood Light,BVP158 LED60/WW_NW_CW PSU 50W SWB,Philips ,datasheet,30 x 174 x 232 mm,50,6000,3000,50000,220-240,Yes,No
LED Flood Light,BVP158 LED120/WW_NW_CW PSU 100W SWB,Philips ,datasheet,36 x 220 x 304 mm,100,12000,3000,50000,220-240,Yes,No
LED Flood Light,BVP158 LED180/WW_NW_CW PSU 150W SWB,Philips ,datasheet,37 x 282 x 401 mm,150,18000,3000,50000,220-240,Yes,No
LED Flood Light,BVP158 LED240/WW_NW_CW PSU 200W SWB,Philips ,datasheet,41 x 336 x 474 mm,200,24000,3000,50000,220-240,Yes,No
LED Flood Light,BVP231 LED360/CW PSU 300W 120-277V SWB,Philips ,datasheet,52 x 384 x 556 mm,300,36000,6500,50000,120-277,Yes,No
LED Flood Light,BVP232 LED480/CW PSU 400W 120-277V SWB,Philips ,datasheet,52 x 449 x 637 mm,400,48000,6500,50000,120-277,Yes,No
LED Flood Light,BVP233 LED600/CW PSU 500W 120-277V SWB,Philips ,datasheet,52 x 491 x 692 mm,500,60000,6500,50000,120-277,Yes,No
LED Flood Light,BVP158 LED60/WW_NW_CW PSU 50W SWB,Philips ,datasheet,30 x 174 x 232 mm,50,6000,4000,50000,220-240,Yes,No
LED Flood Light,BVP158 LED120/WW_NW_CW PSU 100W SWB,Philips ,datasheet,36 x 220 x 304 mm,100,12000,4000,50000,220-240,Yes,No
LED Flood Light,BVP158 LED180/WW_NW_CW PSU 150W SWB,Philips ,datasheet,37 x 282 x 401 mm,150,18000,4000,50000,220-240,Yes,No
LED Flood Light,BVP158 LED240/WW_NW_CW PSU 200W SWB,Philips ,datasheet,41 x 336 x 474 mm,200,24000,4000,50000,220-240,Yes,No
LED Flood Light,BVP158 LED60/WW_NW_CW PSU 50W SWB,Philips ,datasheet,30 x 174 x 232 mm,50,6000,6500,50000,220-240,Yes,No
LED Flood Light,BVP158 LED120/WW_NW_CW PSU 100W SWB,Philips ,datasheet,36 x 220 x 304 mm,100,12000,6500,50000,220-240,Yes,No
LED Flood Light,BVP158 LED180/WW_NW_CW PSU 150W SWB,Philips ,datasheet,37 x 282 x 401 mm,150,18000,6500,50000,220-240,Yes,No
LED Flood Light,BVP158 LED240/WW_NW_CW PSU 200W SWB,Philips ,datasheet,41 x 336 x 474 mm,200,24000,6500,50000,220-240,Yes,No
LED Flood Light,LDPFM FL HP400W 840 ,Ledvance,-,"30D,55D,40X85D",400,48000,4000,50000,100-240,Yes,No
LED Flood Light,LDPFM FL HP400W 865 ,Ledvance,-,"30D,55D,40X85D",400,48000,6500,50000,100-240,Yes,No
LED Flood Light,LDPFM FL HP 600W 865 ,Ledvance, ,"30D,55D,40X85D",600,72000,6500,50000,100-240,Yes,No
LED Flood Light,LDPFM FL HP 600W 840,Ledvance,-,"30D,55D,40X85D",600,72000,4000,50000,100-240,Yes,No
LED Flood Light,LDPFM FL 10W 830 (P-FL-10W-WV-G4-830),LEDVANCE,Square,131x92x36mm,10,1450,3000,100000,100-277,Yes,No
LED Flood Light,LDPFM FL 10W 840 (P-FL-10W-WV-G4-840),LEDVANCE,Square,131x92x36mm,10,1550,4000,100000,100-277,Yes,No
LED Flood Light,LDPFM FL 10W 865 (P-FL-10W-WV-G4-865),LEDVANCE,Square,131x92x36mm,10,1550,6500,100000,100-277,Yes,No
LED Flood Light,LDPFM FL 15W 830 (P-FL-15W-WV-G4-830),LEDVANCE,Square,156x109x42mm,15,2150,3000,100000,100-277,Yes,No
LED Flood Light,LDPFM FL 15W 840 (P-FL-15W-WV-G4-840),LEDVANCE,Square,156x109x42mm,15,2350,4000,100000,100-277,Yes,No
LED Flood Light,LDPFM FL 15W 865 (P-FL-15W-WV-G4-865),LEDVANCE,Square,156x109x42mm,15,2350,6500,100000,100-277,Yes,No
LED Flood Light,LDPFM FL 25W 830 (P-FL-25W-WV-G4-830),LEDVANCE,Square,186x134x42mm,25,3750,3000,100000,100-277,Yes,No
LED Flood Light,LDPFM FL 25W 840 (P-FL-25W-WV-G4-840),LEDVANCE,Square,186x134x42mm,25,4000,4000,100000,100-277,Yes,No
LED Flood Light,LDPFM FL 25W 865 (P-FL-25W-WV-G4-865),LEDVANCE,Square,186x134x42mm,25,4000,6500,100000,100-277,Yes,No
LED Flood Light,LDPFM FL 43W 830 (P-FL-43W-WV-G4-830),LEDVANCE,Square,218x155x46mm,43,6500,3000,100000,100-277,Yes,No
LED Flood Light,LDPFM FL 43W 840 (P-FL-43W-WV-G4-840),LEDVANCE,Square,218x155x46mm,43,7000,4000,100000,100-277,Yes,No
LED Flood Light,LDPFM FL 43W 865 (P-FL-43W-WV-G4-865),LEDVANCE,Square,218x155x46mm,43,7000,6500,100000,100-277,Yes,No
LED Flood Light,LDPFM FL 58W 830 (P-FL-58W-WV-G4-830),LEDVANCE,Square,228x181x52mm,58,8700,3000,100000,100-277,Yes,No
LED Flood Light,LDPFM FL 58W 840 (P-FL-58W-WV-G4-840),LEDVANCE,Square,228x181x52mm,58,9280,4000,100000,100-277,Yes,No
LED Flood Light,LDPFM FL 58W 865 (P-FL-58W-WV-G4-865),LEDVANCE,Square,228x181x52mm,58,9280,6500,100000,100-277,Yes,No
LED Flood Light,LDPFM FL 70W 830 (P-FL-70W-WV-G4-830),LEDVANCE,Square,228x181x52mm,70,10500,3000,100000,100-277,Yes,No
LED Flood Light,LDPFM FL 70W 840 (P-FL-70W-WV-G4-840),LEDVANCE,Square,228x181x52mm,70,11200,4000,100000,100-277,Yes,No
LED Flood Light,LDPFM FL 70W 865 (P-FL-70W-WV-G4-865),LEDVANCE,Square,228x181x52mm,70,11200,6500,100000,100-277,Yes,No
LED Flood Light,LDPFM FL 108W 830 (P-FL-108W-WV-G4-830),LEDVANCE,Square,266x259x49mm,108,16200,3000,100000,100-277,Yes,No
LED Flood Light,LDPFM FL 108W 840 (P-FL-108W-WV-G4-840),LEDVANCE,Square,266x259x49mm,108,17280,4000,100000,100-277,Yes,No
LED Flood Light,LDPFM FL 108W 865 (P-FL-108W-WV-G4-865),LEDVANCE,Square,266x259x49mm,108,17280,6500,100000,100-277,Yes,No
LED Flood Light,LDPFM FL 143W 830 (P-FL-143W-WV-G4-830),LEDVANCE,Square,289x282x52mm,143,21450,3000,100000,100-277,Yes,No
LED Flood Light,LDPFM FL 143W 840 (P-FL-143W-WV-G4-840),LEDVANCE,Square,289x282x52mm,143,22880,4000,100000,100-277,Yes,No
LED Flood Light,LDPFM FL 143W 865 (P-FL-143W-WV-G4-865),LEDVANCE,Square,289x282x52mm,143,22880,6500,100000,100-277,Yes,No
LED Flood Light,LDPFM FL 172W 830 (P-FL-172W-WV-G4-830),LEDVANCE,Square,324x315x54mm,172,25800,3000,100000,100-277,Yes,No
LED Flood Light,LDPFM FL 172W 840 (P-FL-172W-WV-G4-840),LEDVANCE,Square,324x315x54mm,172,27520,4000,100000,100-277,Yes,No
LED Flood Light,LDPFM FL 172W 865 (P-FL-172W-WV-G4-865),LEDVANCE,Square,324x315x54mm,172,27520,6500,100000,100-277,Yes,No
LED Flood Light,BVP151 LED120/CW 120-277V 100W SWB 6500K,Philips,-,-,100,12000,6500,50000,120-277,Yes,No
LED Flood Light,BVP151 LED180/NW 120-277V 150W SWB  4000K,Philips,-,-,150,18000,4000,50000,120-277,Yes,No
LED Flood Light,BVP151 LED60/NW 120-277V 50W SWB  4000K,Philips,-,-,50,6000,4000,50000,100-277,Yes,No
LED Flood Light,BVP151 LED60/NW 120-277V 70W SWB  4000K,Philips,-,-,70,8400,4000,50000,100-277,Yes,No
LED Flood Light,Ultimate Floodlight 38W 4000K 100-240V ND,Honeywell,-,-,38,6080,4000,50000,100-240,Yes,No
LED Flood Light,Ultimate Floodlight 38W 6500K 100-240V ND,Honeywell,-,-,38,6080,6500,50000,100-240,Yes,No
LED Flood Light,Ultimate Floodlight 57W 4000K 100-240V ND,Honeywell,-,-,57,9120,4000,50000,100-240,Yes,No
LED Flood Light,Ultimate Floodlight 57W 6500K 100-240V ND,Honeywell,-,-,57,9120,6500,50000,100-240,Yes,No
LED Flood Light,Ultimate Floodlight 75W 4000K 100-240V ND,Honeywell,-,-,75,12000,4000,50000,100-240,Yes,No
LED Flood Light,Ultimate Floodlight 75W 6500K 100-240V ND,Honeywell,-,-,75,12000,6500,50000,100-240,Yes,No
LED Flood Light,Ultimate Floodlight 113W 4000K 100-240V ND,Honeywell,-,-,113,18080,4000,50000,100-240,Yes,No
LED Flood Light,Ultimate Floodlight 113W 6500K 100-240V ND,Honeywell,-,-,113,18080,6500,50000,100-240,Yes,No
LED Flood Light,Ultimate Floodlight 150W 4000K 100-240V ND,Honeywell,-,-,150,24000,4000,50000,100-240,Yes,No
LED Flood Light,Ultimate Floodlight 150W 6500K 100-240V ND,Honeywell,-,-,150,24000,6500,50000,100-240,Yes,No
LED Flood Light,Ultimate Floodlight 190W 4000K 100-240V ND,Honeywell,-,-,190,30400,4000,50000,100-240,Yes,No
LED Flood Light,Ultimate Floodlight 190W 6500K 100-240V ND,Honeywell,-,-,190,30400,6500,50000,100-240,Yes,No
LED Flood Light,Ultimate High Power Floodlight 400W 840 110D 100-240V IP66 ND,Honeywell,-,-,400,64000,4000,50000,100-240,Yes,No
LED Flood Light,Ultimate High Power Floodlight 400W 865 110D 100-240V IP66 ND,Honeywell,-,-,400,64000,6500,50000,100-240,Yes,No
LED Flood Light,Ultimate High Power Floodlight 600W 840 90D 100-240V IP66 ND,Honeywell,-,-,600,96000,4000,50000,100-240,Yes,No
LED Flood Light,Ultimate High Power Floodlight 600W 865 90D 100-240V IP66 ND,Honeywell,-,-,600,96000,6500,50000,100-240,Yes,No
LED Flood Light,Ultimate High Power Floodlight 800W 840 90D 100-240V IP66 ND,Honeywell,-,-,800,128000,4000,50000,100-240,Yes,No
LED Flood Light,Ultimate High Power Floodlight 800W 865 90D 100-240V IP66 ND,Honeywell,-,-,800,128000,6500,50000,100-240,Yes,No
LED Flood Light,Ultimate High Power Floodlight 1000W 840 90D 100-240V IP66 ND,Honeywell,-,-,1000,160000,4000,50000,100-240,Yes,No
LED Flood Light,Ultimate High Power Floodlight 1000W 865 90D 100-240V IP66 ND,Honeywell,-,-,1000,160000,6500,50000,100-240,Yes,No
LED Flood Light,Ultimate High Power Floodlight 1200W 840 90D 100-240V IP66 ND,Honeywell,-,-,1200,192000,4000,50000,100-240,Yes,No
LED Flood Light,Ultimate High Power Floodlight 1200W 865 90D 100-240V IP66 ND,Honeywell,-,-,1200,192000,6500,50000,100-240,Yes,No
LED High Bay,LDPFM HB 80W 865 G4 (P-HB-80W-WV-865),LEDVANCE,UFO,298D*117Hmm,80,12800,6500,100000,100-277,No,No
LED High Bay,LDPFM HB 100W 865 G4 (P-HB-100W-WV-865),LEDVANCE,UFO,298D*117Hmm,100,16000,6500,100000,100-277,No,No
LED High Bay,LDPFM HB 120W 865 G4 (P-HB-120W-WV-865),LEDVANCE,UFO,298D*117Hmm,120,19200,6500,100000,100-277,No,No
LED High Bay,LDPFM HB 150W 865 G4 (P-HB-150W-WV-865),LEDVANCE,UFO,298D*117Hmm,150,24000,6500,100000,100-277,No,No
LED High Bay,LDPFM HB 200W 865 G4 (P-HB-200W-WV-865),LEDVANCE,UFO,298D*117Hmm,200,32000,6500,100000,100-277,No,No
LED High Bay,LDPFM HB 80W 8640 G4 (P-HB-80W-WV-8640),LEDVANCE,UFO,298D*117Hmm,80,12800,4000,100000,100-277,No,No
LED High Bay,LDPFM HB 100W 840 G4 (P-HB-100W-WV-840),LEDVANCE,UFO,298D*117Hmm,100,16000,4000,100000,100-277,No,No
LED High Bay,LDPFM HB 120W 840 G4 (P-HB-120W-WV-840),LEDVANCE,UFO,298D*117Hmm,120,19200,4000,100000,100-277,No,No
LED High Bay,LDPFM HB 150W 840 G4 (P-HB-150W-WV-840),LEDVANCE,UFO,336D*119Hmm,150,24000,4000,100000,100-277,No,No
LED High Bay,LDPFM HB 200W 840 G4 (P-HB-200W-WV-840),LEDVANCE,UFO,336D*119Hmm,200,32000,4000,100000,100-277,No,No
LED High Bay,Ult HB 75W 4000K  12750 100-240V IP65 ND,Honeywell,-,-,75,12750,4000,100000,100-240,No,No
LED High Bay,Ult HB 75W 6500K  12750 100-240V IP65 ND,Honeywell,-,-,75,12750,6500,100000,100-240,No,No
LED High Bay,Ult HB 100W 4000K  17000 100-240V IP65 ND,Honeywell,-,-,100,17000,4000,100000,100-240,No,No
LED High Bay,Ult HB 100W 6500K  17000 100-240V IP65 ND,Honeywell,-,-,100,17000,6500,100000,100-240,No,No
LED High Bay,Ult HB 120W 4000K  20400 100-240V IP65 ND,Honeywell,-,-,120,20400,4000,100000,100-240,No,No
LED High Bay,Ult HB 120W 6500K  20400 100-240V IP65 ND,Honeywell,-,-,120,20400,6500,100000,100-240,No,No
LED High Bay,Ult HB 150W 4000K  25500 100-240V IP65 ND,Honeywell,-,-,150,25500,4000,100000,100-240,No,No
LED High Bay,Ult HB 150W 6500K  25500 100-240V IP65 ND,Honeywell,-,-,150,25500,6500,100000,100-240,No,No
LED High Bay,Ult HB 200W 4000K  34000 100-240V IP65 ND,Honeywell,-,-,200,34000,4000,100000,100-240,No,No
LED High Bay,Ult HB 200W 6500K  34000 100-240V IP65 ND,Honeywell,-,-,200,34000,6500,100000,100-240,No,No
LED High Bay,BY698P G5 LED105/NW PSU WB GM,Philips ,Round,290,63,10500,4000,75000,220-240,No,No
LED High Bay,BY698P G5 LED150/NW PSU WB GM,Philips ,Round,290,88,15000,4000,75000,220-240,No,No
LED High Bay,BY698P G5 LED200/NW PSU WB GM,Philips ,Round,330,121,20500,4000,75000,220-240,No,No
LED High Bay,BY698P G5 LED250/NW PSU WB GM,Philips ,Round,393,144,25000,4000,75000,220-240,No,No
LED High Bay,BY698P G5 LED300/NW PSU WB GM,Philips ,Round,393,181,31000,4000,75000,220-240,No,No
LED High Bay,BY698P G5 LED105/CW PSU WB GM,Philips ,Round,290,63,10500,6500,75000,220-240,No,No
LED High Bay,BY698P G5 LED150/CW PSU WB GM,Philips ,Round,290,88,15000,6500,75000,220-240,No,No
LED High Bay,BY698P G5 LED200/CW PSU WB GM,Philips ,Round,330,121,20500,6500,75000,220-240,No,No
LED High Bay,BY698P G5 LED250/CW PSU WB GM,Philips ,Round,393,144,25000,6500,75000,220-240,No,No
LED High Bay,BY698P G5 LED300/CW PSU WB GM,Philips ,Round,393,181,31000,6500,75000,220-240,No,No
LED Street Light,Xceed BRP381  45W 120-277V  3000K,Philips,-,-,45,7000,3000,100000,100-277,Yes,No
LED Street Light,Xceed BRP381  45W 120-277V  4000K,Philips,-,-,45,7000,4000,100000,100-277,Yes,No
LED Street Light,Xceed BRP381 45W 120-277V  6500K,Philips,-,-,45,7000,6500,100000,100-277,Yes,No
LED Street Light,Xceed  BRP384  302W 120-277 4000K,Philips,-,-,302,45000,4000,100000,120-277,Yes,No
LED Street Light,Xceed  BRP384 26W 120-277 4000K,Philips,-,-,26,3750,4000,100000,120-277,Yes,No
LED Street Light,Xceed BRP384  264W 120‐277V  6500K,Philips,-,-,264,40000,6500,100000,100-277,Yes,No
LED Street Light,Xceed BRP381  3000K 102W 120-277V,Philips,-,-,102,15000,3000,100000,100-277,Yes,No
LED Street Light,Xceed BRP381  4000K 102W 120-277V,Philips,-,-,102,15000,4000,100000,100-277,Yes,No
LED Street Light,Xceed BRP381  6500K 102W 120-277V,Philips,-,-,102,15000,6500,100000,100-277,Yes,No
LED Street Light,RND-ST660 30W 840,Rand Tech,-,-,30,4200,4000,100000,100-277,Yes,No
LED Street Light,RND-ST660 45W 840 ,Rand Tech,-,-,45,6300,4000,100000,100-277,Yes,No
LED Street Light,RND-ST660 56W 840 ,Rand Tech,-,-,56,7840,4000,100000,100-277,Yes,No
LED Street Light,RND-ST660 70W 840 ,Rand Tech,-,-,70,9800,4000,100000,100-277,Yes,No
LED Street Light,RND-ST660 100W 840 ,Rand Tech,-,-,100,14000,4000,100000,100-277,Yes,No
LED Street Light,RND-ST660 130W 840 ,Rand Tech,-,-,130,18200,4000,100000,100-277,Yes,No
LED Street Light, Xceed BRP381  4000K 73W 100-277V,Philips,-,-,73,11400,4000,100000,120-277,Yes,No
LED Street Light,Xceed BRP382 4000K 150W  100-277V,Philips,-,-,150,21900,4000,100000,100-277,Yes,No
LED Street Light,Xceed BRP381 4000K 78W 100-277V,Philips,-,-,78,12000,4000,100000,100-277,Yes,No
LED Street Light,Xceed BRP381 4000K 110W  100-277V,Philips,-,-,110,16000,4000,100000,100-277,Yes,No
LED Street Light,Xceed BRP382L  4000K 167W 120-277V,Philips,-,-,167,24883,4000,100000,120-277,Yes,No
LED Street Light,Xceed BRP 381 56W 4000K 100-277V ,Philips,-,-,56,8500,4000,100000,100-277,Yes,No
LED Street Light,Xceed BRP 381 78W 4000K 100-277V ,Philips,-,-,78,12000,4000,100000,100-277,Yes,No
LED Street Light,Xceed BRP 381 86W 4000K 100-277V ,Philips,-,-,86,13100,4000,100000,100-277,Yes,No
LED Street Light,Xceed BRP384  316W  6500K 100‐277V ,Philips,-,-,316,47000,4000,100000,100-277,Yes,No
LED Street Light,Xceed BRP382L  172W 4000K  120-277V,Philips,-,-,172,26200,4000,100000,100-277,Yes,No
LED Street Light,VEGA0 4.525 27W ,VEGA,-,-,27,4604,4000,100000,100-277,Yes,No
LED Street Light,VEGA 2M 4.525 52W,VEGA,-,-,52,8866,4000,100000,100-277,Yes,No
LED Street Light,VEGA 3M 4.525 78W,VEGA,-,-,78,13299,4000,100000,100-277,Yes,No
LED Street Light,VEGA 3M 4.7 102W,VEGA,-,-,102,17391,4000,100000,100-277,Yes,No
LED Street Light,VEGA 5M 4.525 127W,VEGA,-,-,127,21654,4000,100000,100-277,Yes,No
LED Street Light,VEGA 4M 4.7 136W,VEGA,-,-,136,22168,4000,100000,100-277,Yes,No
LED Street Light,VEGA 5M 4.7 171W,VEGA,-,-,171,27873,4000,100000,100-277,Yes,No
LED Street Light,VEGA 6M 4.7 208W,VEGA,-,-,208,33904,4000,100000,100-277,Yes,No
LED Street Light,VEGA 7M 4.7 240W,VEGA,-,-,240,39120,4000,100000,100-277,Yes,No
LED Street Light,VEGA 8M 4.7 273W,VEGA,-,-,273,44499,4000,100000,100-277,Yes,No
LED Street Light,VEGA 9M 4.7 307W,VEGA,-,-,307,50041,4000,100000,100-277,Yes,No
LED Street Light,VEGA 1M 4.35 18W,VEGA,-,-,18,3251,4000,100000,100-277,Yes,No
LED Street Light,Xceed BRP382L 4000K 138W  120-277V,Philips,-,-,138,20680,4000,100000,120-277,Yes,No
LED Street Light,Xceed BRP381  4000K 103W  100-277V,Philips,-,-,103,16000,4000,100000,120-277,Yes,No
LED Street Light,RNDST660NW080,Rand Tech,-,-,80,11200,4000,100000,100-277,Yes,No
LED Street Light,RNDST660NW090,Rand Tech,-,-,90,12600,4000,100000,100-277,Yes,No
LED Street Light,RNDST660NW100,Rand Tech,-,-,100,14000,4000,100000,100-277,Yes,No
LED Street Light,RNDST660NW105,Rand Tech,-,-,105,14700,4000,100000,100-277,Yes,No
LED Street Light,RNDST660NW110,Rand Tech,-,-,110,15400,4000,100000,100-277,Yes,No
LED Street Light,RNDST660NW120,Rand Tech,-,-,120,16800,4000,100000,100-277,Yes,No
LED Street Light,RNDST660NW130,Rand Tech,-,-,130,18200,4000,100000,100-277,Yes,No
LED Street Light,RNDST660WW153,Rand Tech,-,-,153,21420,3000,100000,100-277,Yes,No
LED Street Light,RNDST660NW165,Rand Tech,-,-,165,23100,4000,100000,100-277,Yes,No
LED Street Light,VEGA 10M 4.475 472W,VEGA,-,-,472,60229,4000,100000,100-277,Yes,No
LED Street Light,VEGA 10M 4.540  536W,VEGA,-,-,536,68394,4000,100000,100-277,Yes,No
LED Street Light,VEGA 1m .35 18.9 W ,VEGA,-,-,18.9,2471,2700,100000,100-277,Yes,No
LED Street Light,VEGA 1M .500 49.5W ,VEGA,-,-,49.5,6930,2700,100000,100-277,Yes,No
LED Street Light,VEGA 2M .610 60.5W ,VEGA,-,-,60.5,8002,2700,100000,100-277,Yes,No
LED Street Light,VEGA 3M .630 92W ,VEGA,-,-,92,12169,2700,100000,100-277,Yes,No
